{"cameraMode":{"drawMode":0,"name":"Shaded","section":"Shading Mode"},"sceneLighting":false,"audioPlay":false,"sceneViewState":{"showFog":true,"showMaterialUpdate":false,"showSkybox":false,"showFlares":true,"showImageEffects":true,"showParticleSystems":true},"in2DMode":false,"pivot":{"x":0.5099322199821472,"y":0.08713077753782273,"z":-0.21810853481292725},"rotation":{"x":-0.06986051797866821,"y":0.8246480822563171,"z":-0.10446125268936157,"w":-0.5515413880348206},"size":0.6600685715675354,"orthographic":false}